<?xml version="1.0" encoding="UTF-8" ?>
<!DOCTYPE mapper
        PUBLIC "-//mybatis.org//DTD Mapper 3.0//EN"
        "http://mybatis.org/dtd/mybatis-3-mapper.dtd">
<!--namespace 命名空间 -->
<mapper namespace="com.xja.cvs.mapper.RoleMapper">

<!--   默认查询全部角色-->
    <select id="selectAllRoles" resultType="Role">
        select * from t_sys_role
    </select>

<!--    验证指定编码是否存在-->
    <select id="selectRoleByCode" resultType="Role">
        select * from t_sys_role
        <where>
            <if test="code != null and '' != code">
                code = #{code}
            </if>
        </where>
    </select>

<!--    向t_sys_role表中添加指定的角色记录-->
    <insert id="addRole" parameterType="Role">
        insert into t_sys_role (id,code,roleName,createdUserId,createdTime,updatedUserId,updatedTime)
        values (default,#{code},#{roleName},#{createdUserId},#{createdTime},#{updatedUserId},#{updatedTime})
    </insert>

    <!--    根据id查询角色信息-->
    <select id="selectRoleById" resultType="Role">
        select * from t_sys_role
        <where>
            <if test="roleid != null and roleid > 0 ">
                id = #{roleid}
            </if>
        </where>
    </select>

     <!--  修改指定角色信息  -->
    <update id="modifyRole" parameterType="Role">
        update t_sys_role
        <set>
            <if test="roleName != null and '' != roleName">
                roleName = #{roleName},
            </if>
            <if test="updatedUserId != null and updatedUserId &gt; 0 ">
                updatedUserId = #{updatedUserId},
            </if>
            <if test="updatedTime != null ">
                updatedTime = #{updatedTime}
            </if>
        </set>
        where id = #{id}

    </update>

<!--  依据指定的编号删除角色记录  -->
    <delete id="removeRoleById">
        delete from t_sys_role
        <where>
            <if test="roleid != null and roleid &gt; 0 ">
                id = #{roleid}
            </if>
        </where>
    </delete>

</mapper>