<?xml version="1.0" encoding="UTF-8" ?>
<!DOCTYPE mapper
        PUBLIC "-//mybatis.org//DTD Mapper 3.0//EN"
        "http://mybatis.org/dtd/mybatis-3-mapper.dtd">
<!--namespace 命名空间 -->
<mapper namespace="com.xja.cvs.mapper.UserMapper">

<!--  根据账号和密码查询用户  -->
    <select id="selectUserByAccountAndPassword" resultType="User">
        select * from t_sys_user
        <where>
            <if test="account != null and '' != account">
                account = #{account}
            </if>
            <if test="password != null and '' != password">
                and password = #{password}
            </if>
        </where>
    </select>

<!--修改密码-->
    <update id="modifyPassword" >
        update t_sys_user
        <set>
            <if test="newPassword != null and '' != newPassword">
                password = #{newPassword}
            </if>
        </set>
        where id = #{id}
    </update>


<!--    resultMap标签  针对用户表和角色表联合查询的结果映射-->
    <resultMap id="resultMapUser" type="User">
        <id property="id" column="id"></id>
        <result property="account" column="account"></result>
        <result property="realName" column="realName"></result>
        <result property="password" column="password"></result>
        <result property="sex" column="sex"></result>
        <result property="age" column="age"></result>
        <result property="birthday" column="birthday"></result>
        <result property="phone" column="phone"></result>
        <result property="address" column="address"></result>
        <result property="roleId" column="roleId"></result>
        <result property="createdUserId" column="createdUserId"></result>
        <result property="updatedUserId" column="updatedUserId"></result>
        <result property="createdTime" column="createdTime"></result>
        <result property="updatedTime" column="updatedTime"></result>
        <result property="idPicPath" column="idPicPath"></result>
        <result property="workPicPath" column="workPicPath"></result>
<!--        关联角色表-->
        <association property="role" column="id" javaType="Role">
            <id property="id" column="id"></id>
            <result property="code" column="code"></result>
            <result property="roleName" column="roleName"></result>
            <result property="createdUserId" column="createdUserId"></result>
            <result property="createdTime" column="createdTime"></result>
            <result property="updatedUserId" column="updatedUserId"></result>
            <result property="updatedTime" column="updatedTime"></result>
        </association>
    </resultMap>

<!--
   根据指定的条件进行查询用户信息
   1.没有任何条件则进行查询全部用户信息
   2.如果有任何一个参数，则进行带条件查询
   发现: 查询用户时，需要显示角色名称  必须是两张表联合查询
-->
    <select id="selectAllUsers" resultMap="resultMapUser">

        select u.*,r.id,r.code,r.roleName,r.createdUserId,r.createdTime,r.updatedUserId,r.updatedTime
        from t_sys_user  u  inner join t_sys_role r
        on u.roleId = r.id
        <trim prefix="WHERE" prefixOverrides="AND |  OR">
            <if test="realName != null and '' != realName">
              and  u.realName like concat('%',#{realName},'%')
            </if>
            <if test="roleId != null and roleId &gt; 0 ">
                and u.roleId = #{roleId}
            </if>
        </trim>

    </select>

<!--  根据用户输入的账号进行查询，而且是等值查询，不是模糊查询   -->
    <select id="selectUserByAccount" resultType="User">
        select * from t_sys_user
        <where>
            <if test="account != null and '' != account">
              account = #{account}
            </if>
        </where>
    </select>

<!--    向user表添加一条记录-->
    <insert id="addUser">
        <!-- 添加操作的SQL语句 -->
        insert into t_sys_user (id,account,realName,password,sex,age,birthday,phone,
        address,roleId,createdUserId,createdTime,updatedUserId,
        updatedTime,idPicPath,workPicPath)
        values(default,#{account},#{realName},#{password},#{sex},#{age},#{birthday},#{phone},
        #{address},#{roleId},#{createdUserId},#{createdTime},#{updatedUserId},
        #{updatedTime},#{idPicPath},#{workPicPath})
    </insert>


<!--  依据用户编号查询用户记录信息  -->
   <select id="selectUserById" resultMap="resultMapUser">
       select u.*,r.id,r.code,r.roleName,r.createdUserId,r.createdTime,r.updatedUserId,r.updatedTime
       from t_sys_user  u  inner join t_sys_role r
       on u.roleId = r.id
       <where>
           <if test="userid != null and userid &gt; 0">
               u.id = #{userid}
           </if>
       </where>
   </select>


<!--    修改指定用户信息操作-->
    <update id="modifyUser">
        update t_sys_user
        <trim prefix="SET" suffixOverrides=",">
            <if test="realName != null and '' != realName">
                realName = #{realName},
            </if>
            <if test="sex != null and sex &gt; 0">
               sex = #{sex},
            </if>
            <if test="birthday != null">
                birthday = #{birthday},
            </if>
            <if test="phone != null and '' != phone">
                phone = #{phone},
            </if>
            <if test="address != null and '' != address">
                address = #{address},
            </if>
            <if test="roleId != null and roleId &gt; 0">
                roleId = #{roleId},
            </if>
        </trim>
        where id = #{id}
    </update>


<!--    根据用户编号删除用户信息记录-->
    <delete id="removeUserById">
        delete from t_sys_user
        <where>
            <if test="userid != null and userid &gt; 0 ">
                id = #{userid}
            </if>
        </where>
    </delete>

</mapper>