<?xml version="1.0" encoding="UTF-8"?>
<beans xmlns="http://www.springframework.org/schema/beans"
       xmlns:xsi="http://www.w3.org/2001/XMLSchema-instance"
       xmlns:mvc="http://www.springframework.org/schema/mvc"
       xmlns:context="http://www.springframework.org/schema/context"
       xsi:schemaLocation="http://www.springframework.org/schema/beans
       http://www.springframework.org/schema/beans/spring-beans.xsd
       http://www.springframework.org/schema/mvc
       http://www.springframework.org/schema/mvc/spring-mvc.xsd
       http://www.springframework.org/schema/context
       http://www.springframework.org/schema/context/spring-context.xsd">

    <!--1.注解扫描-->
    <context:component-scan base-package="com.xja.cvs.web.controller"/>
    <!--2.注解驱动-->
    <mvc:annotation-driven/>
    <!--3.视图解析器-->
<!--    <bean class="org.springframework.web.servlet.view.InternalResourceViewResolver">-->
<!--        <property name="prefix" value="/WEB-INF/jsp/"/>-->
<!--        <property name="suffix" value=".jsp"/>-->
<!--    </bean>-->
    <!--4.静态资源放行-->
    <mvc:resources mapping="/statics/**" location="/statics/"/>


    <!--5.配置多文件/部件文件上传解析器-->
    <bean id="multipartResolver" class="org.springframework.web.multipart.commons.CommonsMultipartResolver">
        <property name="defaultEncoding" value="UTF-8"/>
        <property name="maxInMemorySize" value="543543434"/>
    </bean>

<!--   6.配置拦截器 -->
    <mvc:interceptors>
        <mvc:interceptor>
            <mvc:mapping path="/**"/>
            <bean class="com.xja.cvs.web.interceptor.LoginInterceptor"></bean>
        </mvc:interceptor>
    </mvc:interceptors>

</beans>